architecture_name,variant_name,lane,baseline_variant,evaluation_seeds,seed_count,test_utterances,pesq,stoi,mel_error,multi_resolution_stft_error,mcd,utmos_strong,real_time_factor,latency_p50_ms,latency_p95_ms,peak_host_memory_megabytes,session_build_seconds,deployable_size_megabytes,baseline_pesq,pesq_delta,rtf_speedup,size_ratio,classification,classification_basis
hifigan_v1,baseline_b200,b200,baseline_b200,42|43|44,3,525,3.318255014116802,0.9747999106683153,0.27046336612058064,1.0845284598592728,11.00912625164734,4.240399620116703,0.0012724041579767534,7.007610479990642,14.81857999165853,7308.986979166667,,53.268595695495605,3.318255014116802,0.0,1.0,1.0,denominator,Same-lane identity denominator.
hifigan_v1,baseline_cpu,cpu,baseline_cpu,42|43|44,3,525,3.317272665841239,0.9748008343622708,0.27046150005999064,1.084520101660774,11.00863097987621,4.240389342080979,0.08686390738220749,592.6896158854166,841.9726765950521,12909.524739583334,,53.265482902526855,3.317272665841239,0.0,1.0,1.0,denominator,Same-lane identity denominator.
hifigan_v1,fp16_weights,b200,baseline_b200,42|43|44,3,525,3.3166791142357717,0.9748013324968334,0.2691678396387706,1.082755008046589,10.921882130117814,4.2403908681112625,0.001176747777800769,7.332235336303711,10.387471040089926,8834.686197916666,,26.692606925964355,3.318255014116802,-0.0015758998810304625,1.0812887706104337,0.5010946239046712,beneficial,Objective PESQ stayed within 0.05 while same-lane speed improved by at least 10% or deployable size fell by at least 45%.
hifigan_v1,onnx_fp32,cpu,baseline_cpu,42|43|44,3,525,3.3172729296911334,0.9748008362201833,0.27046151263373236,1.0845201101757231,11.008630433192458,4.2403895232791,0.09726148488211862,661.4015502929688,933.0623372395834,15035.834635416666,0.05363725533333508,53.17043399810791,3.317272665841239,2.6384989437744366e-07,0.8930966608980622,0.9982155628891438,harmful,The intervention slowed execution by more than 10% without a material deployable-size reduction.
hifigan_v1,onnx_int8_static,cpu,baseline_cpu,42|43|44,3,525,1.9886452210895598,0.9616847797017143,0.7617273527099973,1.7832885545397563,37.84605846317411,3.737290703758361,0.09056794336096163,616.1822509765625,872.3106892903646,16704.1484375,0.11149534533333376,13.666839281717936,3.317272665841239,-1.3286274447516793,0.9591021299446806,0.25657965603592786,harmful,Mean PESQ decreased by more than 0.10 against the same-lane denominator.
hifigan_v1,pruned_30,b200,baseline_b200,42|43|44,3,525,3.127394639878046,0.9650205491236538,0.4204719724920061,1.2282864183092874,17.58926449636493,4.126238498082237,0.0013106042468755475,7.569493929545085,14.257986545562744,8812.940104166666,,53.268595695495605,3.318255014116802,-0.19086037423875624,0.9708530710244055,1.0,harmful,Dense masking caused more than 0.10 PESQ loss and provides no physical storage or sparse-kernel deployment gain.
hifigan_v1,pruned_50,b200,baseline_b200,42|43|44,3,525,2.2550412673798816,0.9433963713669987,0.7436448332620046,1.653222236481924,36.11492547666819,3.833378335256425,0.0009337335987481132,5.9444278081258135,7.561427593231201,8773.989583333334,,53.268595695495605,3.318255014116802,-1.0632137467369205,1.3627057649876868,1.0,harmful,Dense masking caused more than 0.10 PESQ loss and provides no physical storage or sparse-kernel deployment gain.
hifigan_v1,pruned_70,b200,baseline_b200,42|43|44,3,525,1.3044449171187387,0.856048017725514,1.1129152768377273,2.35444654691787,61.566843389195974,1.9954671303431193,0.0010001914663772778,6.323668797810872,8.37299108505249,8837.338541666666,,53.268595695495605,3.318255014116802,-2.0138100969980632,1.2721605819988024,1.0,harmful,Dense masking caused more than 0.10 PESQ loss and provides no physical storage or sparse-kernel deployment gain.
hifigan_v1,torch_compile,b200,baseline_b200,42|43|44,3,525,3.318021706021021,0.9748000215517784,0.2704637397943981,1.0845289200071304,11.009069615954417,4.240378687268212,0.009381056829827468,61.80496883392334,87.34705670674641,7556.2109375,,53.274210929870605,3.318255014116802,-0.0002333080957810374,0.1356354812744648,1.0001054135987946,harmful,The intervention slowed execution by more than 10% without a material deployable-size reduction.
