run_id,date,architecture_name,dataset_name,variant_name,lane,seed,status,parameter_count,residual_parameter_count,model_size_megabytes,deployable_size_megabytes,macs_per_second_audio,real_time_factor,latency_p50_ms,latency_p95_ms,peak_host_memory_megabytes,mel_error,multi_resolution_stft_error,pesq,stoi,mcd,f0_rmse_cents,periodicity_rmse,vuv_f1,utmos_strong,las_rmse,test_utterance_count,timed_utterance_count,rtf_warmup_iterations,rtf_repetitions_executed,pesq_failure_count,stoi_failure_count,mel_error_failure_count,multi_resolution_stft_error_failure_count,mcd_failure_count,las_rmse_failure_count,utmos_strong_failure_count,session_build_seconds,mac_status,group_pesq_delta,group_rtf_speedup,group_size_ratio,classification,classification_basis
s2_rndvoc_baseline_b200_s42_20260721_1918,2026-07-21,rndvoc,ljspeech,baseline_b200,b200,42,completed,3572361.0,3572361.0,14.944496154785156,15.04831600189209,5.085237464,0.0012889807354839766,8.146034240722656,11.899433135986328,7241.44921875,0.1746926607688268,0.9627543534551348,3.893826475143433,0.9870858075510185,6.068449621643231,22.74074355218405,0.09431285479575466,0.9691784578260393,4.008051665623983,8.2977056430635,525.0,520.0,5.0,3.0,0.0,0.0,0.0,0.0,0.0,0.0,0.0,,partial,0.0,1.0,1.0,denominator,Same-lane identity denominator.
s2_rndvoc_baseline_b200_s43_20260721_1918,2026-07-22,rndvoc,ljspeech,baseline_b200,b200,43,completed,3572361.0,3572361.0,14.944496154785156,15.04831600189209,5.085237464,0.0024014351603383727,13.668706893920898,29.795310974121094,7383.1796875,0.17469264916011265,0.9627543515250796,3.893826475143433,0.9870858075510185,6.068446061923137,22.78892621865791,0.0943113999025952,0.9691760990405637,4.008053375425793,8.29770563579741,525.0,520.0,5.0,3.0,0.0,0.0,0.0,0.0,0.0,0.0,0.0,,partial,0.0,1.0,1.0,denominator,Same-lane identity denominator.
s2_rndvoc_baseline_b200_s44_20260721_1918,2026-07-21,rndvoc,ljspeech,baseline_b200,b200,44,completed,3572361.0,3572361.0,14.944496154785156,15.04831600189209,5.085237464,0.001513970680656239,8.477344512939453,19.12261962890625,7201.125,0.1746926607688268,0.9627543534551348,3.893826475143433,0.9870858075510185,6.068449621643231,22.62042754088872,0.09431139758293045,0.969162208974565,4.008051164717902,8.2977056430635,525.0,520.0,5.0,3.0,0.0,0.0,0.0,0.0,0.0,0.0,0.0,,partial,0.0,1.0,1.0,denominator,Same-lane identity denominator.
s2_rndvoc_baseline_cpu_s42_20260721_0649,2026-07-21,rndvoc,ljspeech,baseline_cpu,cpu,42,completed,3572361.0,3572361.0,14.944496154785156,15.04477596282959,5.085237464,0.07401849766918403,493.09466552734375,732.49267578125,11332.98828125,0.17468942735876355,0.9596012650217329,3.8926660001845588,0.9870854297467336,6.06815246485626,22.739725040703366,0.09434938987398411,0.9691149237055969,4.007990536008562,8.244987530481248,525.0,520.0,5.0,3.0,0.0,0.0,0.0,0.0,0.0,0.0,0.0,,partial,0.0,1.0,1.0,denominator,Same-lane identity denominator.
s2_rndvoc_baseline_cpu_s43_20260721_0649,2026-07-21,rndvoc,ljspeech,baseline_cpu,cpu,43,completed,3572361.0,3572361.0,14.944496154785156,15.04477596282959,5.085237464,0.05985303482988212,400.62396240234375,595.807373046875,11546.20703125,0.17468943067959378,0.9596012731960841,3.8926646218981062,0.9870854298998536,6.068152599435296,22.787956712778964,0.09434938568401548,0.9691201342846866,4.007992573238554,8.244987275259835,525.0,520.0,5.0,3.0,0.0,0.0,0.0,0.0,0.0,0.0,0.0,,partial,0.0,1.0,1.0,denominator,Same-lane identity denominator.
s2_rndvoc_baseline_cpu_s44_20260721_0649,2026-07-21,rndvoc,ljspeech,baseline_cpu,cpu,44,completed,3572361.0,3572361.0,14.944496154785156,15.04477596282959,5.085237464,0.0648214154488927,431.239990234375,653.4205322265625,11261.62890625,0.17468942735876355,0.9596012650217329,3.8926660001845588,0.9870854297467336,6.06815246485626,22.619445962017487,0.09434938987398411,0.9691039324123013,4.007990536008562,8.244987530481248,525.0,520.0,5.0,3.0,0.0,0.0,0.0,0.0,0.0,0.0,0.0,,partial,0.0,1.0,1.0,denominator,Same-lane identity denominator.
s2_rndvoc_fp16_weights_s42_20260721_1443,2026-07-21,rndvoc,ljspeech,fp16_weights,b200,42,completed,3572361.0,3572361.0,7.472248077392578,7.58054256439209,5.085237464,0.0015252195779285015,9.382691383361816,14.735611915588379,11809.23828125,0.17470077676432474,0.9627483346348717,3.8944322572435652,0.9870872744006189,6.0685941888144175,22.735285584038788,0.09433039900358238,0.9691149237055969,4.008069157373337,8.297244763147264,525.0,520.0,5.0,3.0,0.0,0.0,0.0,0.0,0.0,0.0,0.0,,partial,0.0006057821001324015,1.2715700842993956,0.5037469018751969,beneficial,Objective PESQ stayed within 0.05 while same-lane speed improved by at least 10% or deployable size fell by at least 45%.
s2_rndvoc_fp16_weights_s43_20260721_1443,2026-07-21,rndvoc,ljspeech,fp16_weights,b200,43,completed,3572361.0,3572361.0,7.472248077392578,7.58054256439209,5.085237464,0.001283794772166681,8.05636215209961,12.549883842468262,11666.515625,0.1747007891393843,0.9627483298665002,3.8944322572435652,0.9870872744006189,6.068598139022907,22.782471429538273,0.09433039873545486,0.9691150322829162,4.008067024775913,8.297244888487317,525.0,520.0,5.0,3.0,0.0,0.0,0.0,0.0,0.0,0.0,0.0,,partial,0.0006057821001324015,1.2715700842993956,0.5037469018751969,beneficial,Objective PESQ stayed within 0.05 while same-lane speed improved by at least 10% or deployable size fell by at least 45%.
s2_rndvoc_fp16_weights_s44_20260721_1443,2026-07-21,rndvoc,ljspeech,fp16_weights,b200,44,completed,3572361.0,3572361.0,7.472248077392578,7.58054256439209,5.085237464,0.0012838678596542538,8.187710762023926,12.073905944824219,11646.59765625,0.1747007891393843,0.9627483298665002,3.8944322572435652,0.9870872744006189,6.068598139022907,22.617637101561126,0.0943303969799585,0.9690861552196927,4.0080681419372555,8.297244888487317,525.0,520.0,5.0,3.0,0.0,0.0,0.0,0.0,0.0,0.0,0.0,,partial,0.0006057821001324015,1.2715700842993956,0.5037469018751969,beneficial,Objective PESQ stayed within 0.05 while same-lane speed improved by at least 10% or deployable size fell by at least 45%.
s2_rndvoc_pruned_50_s42_20260721_1443,2026-07-21,rndvoc,ljspeech,pruned_50,b200,42,completed,3572361.0,3572361.0,14.944496154785156,15.04831600189209,5.085237464,0.001329311481898613,8.224462509155273,12.774621963500977,8731.37890625,0.22235368677548,1.0366739229928879,3.6874123995644705,0.9832271053651478,7.464549351327296,23.471893400613617,0.10339799871037826,0.9651571237702552,3.72523183958871,8.947947380429223,525.0,520.0,5.0,3.0,0.0,0.0,0.0,0.0,0.0,0.0,0.0,,partial,-0.2064140755789623,1.0926073642779468,1.0,harmful,Dense masking caused more than 0.10 PESQ loss and provides no physical storage or sparse-kernel deployment gain.
s2_rndvoc_pruned_50_s43_20260721_1443,2026-07-21,rndvoc,ljspeech,pruned_50,b200,43,completed,3572361.0,3572361.0,14.944496154785156,15.04831600189209,5.085237464,0.0015853712451117346,9.646673202514648,16.34461784362793,8836.44140625,0.22235366821289063,1.0366739133426122,3.6874123995644705,0.9832271053651478,7.464545411578317,23.501914610021274,0.10339799877297629,0.965242028404199,3.725231585275559,8.947947051638648,525.0,520.0,5.0,3.0,0.0,0.0,0.0,0.0,0.0,0.0,0.0,,partial,-0.2064140755789623,1.0926073642779468,1.0,harmful,Dense masking caused more than 0.10 PESQ loss and provides no physical storage or sparse-kernel deployment gain.
s2_rndvoc_pruned_50_s44_20260721_1443,2026-07-21,rndvoc,ljspeech,pruned_50,b200,44,completed,3572361.0,3572361.0,14.944496154785156,15.04831600189209,5.085237464,0.0018485897408792714,11.57448959350586,17.655513763427734,8779.859375,0.22235366821289063,1.0366739133426122,3.6874123995644705,0.9832271053651478,7.464545411578317,23.52051369515591,0.10339799381328711,0.9652064620949695,3.7252304649353025,8.947947051638648,525.0,520.0,5.0,3.0,0.0,0.0,0.0,0.0,0.0,0.0,0.0,,partial,-0.2064140755789623,1.0926073642779468,1.0,harmful,Dense masking caused more than 0.10 PESQ loss and provides no physical storage or sparse-kernel deployment gain.
s2_rndvoc_pruned_50_recovered_s42_20260721_1443r,2026-07-21,rndvoc,ljspeech,pruned_50_recovered,b200,42,completed,3572361.0,3572361.0,14.944496154785156,15.04831600189209,5.085237464,0.001768437351643788,10.523457527160645,17.59201431274414,8756.05078125,0.17984308594749088,0.9691297517504011,3.872111082985288,0.9863778730591176,6.275581647354136,22.80993359671798,0.09539338124120489,0.9682183198812435,4.000963231495448,8.390007672991072,525.0,520.0,5.0,3.0,0.0,0.0,0.0,0.0,0.0,0.0,0.0,,partial,-0.021715392158144997,1.1138523839151226,1.0,inconclusive,Dense masked tensors do not establish deployable acceleration or storage reduction even when objective quality is retained.
s2_rndvoc_pruned_50_recovered_s43_20260721_1443r,2026-07-21,rndvoc,ljspeech,pruned_50_recovered,b200,43,completed,3572361.0,3572361.0,14.944496154785156,15.04831600189209,5.085237464,0.0014219985603359255,8.342805862426758,14.144132614135742,8707.67578125,0.17984309801033566,0.9691297468684968,3.872111082985288,0.9863778730591176,6.275584974873097,22.870315069045756,0.09539338324123535,0.9682199817056656,4.000963288261777,8.390007596697126,525.0,520.0,5.0,3.0,0.0,0.0,0.0,0.0,0.0,0.0,0.0,,partial,-0.021715392158144997,1.1138523839151226,1.0,inconclusive,Dense masked tensors do not establish deployable acceleration or storage reduction even when objective quality is retained.
s2_rndvoc_pruned_50_recovered_s44_20260721_1443r,2026-07-21,rndvoc,ljspeech,pruned_50_recovered,b200,44,completed,3572361.0,3572361.0,14.944496154785156,15.04831600189209,5.085237464,0.0014819844658314726,9.538114547729492,11.697837829589844,8772.3203125,0.17984308594749088,0.9691297517504011,3.872111082985288,0.9863778730591176,6.275581647354136,22.88491836098546,0.09539339578839837,0.9682504803564859,4.000964350473313,8.390007672991072,525.0,520.0,5.0,3.0,0.0,0.0,0.0,0.0,0.0,0.0,0.0,,partial,-0.021715392158144997,1.1138523839151226,1.0,inconclusive,Dense masked tensors do not establish deployable acceleration or storage reduction even when objective quality is retained.
s2_rndvoc_torch_compile_s42_20260721_1918,2026-07-22,rndvoc,ljspeech,torch_compile,b200,42,completed,3572361.0,3572361.0,14.944496154785156,15.05319881439209,,0.0013748526805678941,7.80815315246582,15.095513343811035,8523.6796875,0.17469261728581928,0.9627531158356439,3.89342528570266,0.9870862745349211,6.068433024491871,22.741112332050903,0.09431082176319154,0.9691735134542245,4.008146999449957,8.297706245240711,525.0,520.0,5.0,3.0,0.0,0.0,0.0,0.0,0.0,0.0,0.0,,failed,-0.00040104669237939206,1.0564351842625275,1.0003244756755099,inconclusive,The measured quality–speed–size trade-off does not cross the descriptive benefit or harm thresholds.
s2_rndvoc_torch_compile_s43_20260721_1918,2026-07-22,rndvoc,ljspeech,torch_compile,b200,43,completed,3572361.0,3572361.0,14.944496154785156,15.05319881439209,,0.0013767210194514357,6.162049293518066,24.43158531188965,8560.27734375,0.17469261683168866,0.9627531158356439,3.8934253619966053,0.9870862745616755,6.06843298265383,22.789464512016732,0.09431090026322728,0.9691765708265414,4.0081486334119525,8.297706314268567,525.0,520.0,5.0,3.0,0.0,0.0,0.0,0.0,0.0,0.0,0.0,,failed,-0.00040104669237939206,1.0564351842625275,1.0003244756755099,inconclusive,The measured quality–speed–size trade-off does not cross the descriptive benefit or harm thresholds.
s2_rndvoc_torch_compile_s44_20260721_1918,2026-07-22,rndvoc,ljspeech,torch_compile,b200,44,completed,3572361.0,3572361.0,14.944496154785156,15.05319881439209,,0.002174792492632279,9.868217468261719,44.64262390136719,8458.66015625,0.17469261691683816,0.9627531192416237,3.8934256376538956,0.9870862745543121,6.068432917107564,22.620518827878684,0.0943108274995663,0.9691551070592257,4.008149191992623,8.29770603543236,525.0,520.0,5.0,3.0,0.0,0.0,0.0,0.0,0.0,0.0,0.0,,failed,-0.00040104669237939206,1.0564351842625275,1.0003244756755099,inconclusive,The measured quality–speed–size trade-off does not cross the descriptive benefit or harm thresholds.
